<?xml version="1.0"?>

<config>

    <tabs>
        <waterleetab translate="label">
            <label>Jakesharp Waterlee</label>
            <sort_order>100</sort_order>
        </waterleetab>
    </tabs>
    <sections>
        <waterleesection>
            <label>Theme Settings</label>
            <sort_order>200</sort_order>
            <show_in_default>1</show_in_default>
            <show_in_website>1</show_in_website>
            <show_in_store>1</show_in_store>
            <tab>waterleetab</tab>
            <groups>
                <waterleegroup translate="label">
                    <label>Waterlee settings</label>
                    <frontend_type>text</frontend_type>
                    <sort_order>1</sort_order>
                    <show_in_default>1</show_in_default>
                    <show_in_website>1</show_in_website>
                    <show_in_store>1</show_in_store>
                    <fields>
                        <theme translate="label comment">
                            <label>Waterlee settings</label>
                            <comment>Override some default settings</comment>
                            <frontend_type>select</frontend_type>
                            <source_model>adminhtml/system_config_source_enabledisable</source_model>
                            <sort_order>1</sort_order>
                            <show_in_default>1</show_in_default>
                            <show_in_website>1</show_in_website>
                            <show_in_store>1</show_in_store>
                        </theme>
                    </fields>
                </waterleegroup>
            </groups>
        </waterleesection>
    </sections>

</config>



